{"absolute_coordinates": {"1.01": [[0, 775], [5561, 185]], "1.02": [[0, 842], [5561, 252]], "1.03": [[0, 910], [5561, 320]], "1.04": [[0, 977], [5561, 387]], "1.05": [[0, 1044], [5561, 454]], "1.06": [[0, 1111], [5561, 521]], "1.07": [[0, 1178], [5561, 588]], "2.01": [[0, 1813], [5561, 1223]], "2.02": [[0, 1881], [5561, 1290]], "2.03": [[0, 1947], [5561, 1357]], "2.04": [[0, 2015], [5561, 1424]], "2.05": [[0, 2082], [5561, 1492]], "2.06": [[0, 2149], [5561, 1559]], "2.07": [[0, 2216], [5561, 1626]], "3.01": [[0, 2851], [5561, 2262]], "3.02": [[0, 2919], [5561, 2329]], "3.03": [[0, 2986], [5561, 2395]], "3.04": [[0, 3053], [5561, 2463]], "3.05": [[0, 3120], [5561, 2530]], "3.06": [[0, 3188], [5561, 2597]], "3.07": [[0, 3255], [5561, 2664]], "4.01": [[0, 3890], [5561, 3300]], "4.02": [[0, 3957], [5561, 3367]], "4.03": [[0, 4024], [5561, 3434]], "4.04": [[0, 4092], [5561, 3501]], "4.05": [[0, 4159], [5561, 3568]], "4.06": [[0, 4226], [5561, 3635]], "4.07": [[0, 4293], [5561, 3702]], "5.01": [[0, 4929], [5561, 4338]], "5.02": [[0, 4996], [5561, 4406]], "5.03": [[0, 5063], [5561, 4472]], "5.04": [[0, 5130], [5561, 4539]], "5.05": [[0, 5198], [5561, 4607]], "5.06": [[0, 5265], [5561, 4674]], "5.07": [[0, 5332], [5561, 4741]]}, "relative_coordinates": {"1.01": [[0.0, 0.13916322499551087], [0.9998202085580726, 0.033219608547315496]], "1.02": [[0.0, 0.1511941102531873], [0.9998202085580726, 0.045250493804991916]], "1.03": [[0.0, 0.16340456096247083], [0.9998202085580726, 0.057460944514275455]], "1.04": [[0.0, 0.17543544622014726], [0.9998202085580726, 0.06949182977195188]], "1.05": [[0.0, 0.18746633147782366], [0.9998202085580726, 0.0815227150296283]], "1.06": [[0.0, 0.19949721673550008], [0.9998202085580726, 0.09355360028730472]], "1.07": [[0.0, 0.2115281019931765], [0.9998202085580726, 0.10558448554498115]], "2.01": [[0.0, 0.3255521637636919], [0.9998202085580726, 0.2196085473154965]], "2.02": [[0.0, 0.3377626144729754], [0.9998202085580726, 0.23163943257317293]], "2.03": [[0.0, 0.3496139342790447], [0.9998202085580726, 0.24367031783084933]], "2.04": [[0.0, 0.36182438498832825], [0.9998202085580726, 0.2557012030885258]], "2.05": [[0.0, 0.3738552702460047], [0.9998202085580726, 0.2679116537978093]], "2.06": [[0.0, 0.3858861555036811], [0.9998202085580726, 0.2799425390554857]], "2.07": [[0.0, 0.39791704076135753], [0.9998202085580726, 0.29197342431316214]], "3.01": [[0.0, 0.5119411025318729], [0.9998202085580726, 0.4061770515352846]], "3.02": [[0.0, 0.5241515532411564], [0.9998202085580726, 0.41820793679296103]], "3.03": [[0.0, 0.5361824384988328], [0.9998202085580726, 0.4300592565990303]], "3.04": [[0.0, 0.5482133237565092], [0.9998202085580726, 0.4422697073083139]], "3.05": [[0.0, 0.5602442090141857], [0.9998202085580726, 0.4543005925659903]], "3.06": [[0.0, 0.5724546597234692], [0.9998202085580726, 0.46633147782366674]], "3.07": [[0.0, 0.5844855449811456], [0.9998202085580726, 0.47836236308134317]], "4.01": [[0.0, 0.698509606751661], [0.9998202085580726, 0.5925659903034656]], "4.02": [[0.0, 0.7105404920093374], [0.9998202085580726, 0.604596875561142]], "4.03": [[0.0, 0.7225713772670138], [0.9998202085580726, 0.6166277608188184]], "4.04": [[0.0, 0.7347818279762973], [0.9998202085580726, 0.6286586460764949]], "4.05": [[0.0, 0.7468127132339738], [0.9998202085580726, 0.6406895313341713]], "4.06": [[0.0, 0.7588435984916502], [0.9998202085580726, 0.6527204165918478]], "4.07": [[0.0, 0.7708744837493267], [0.9998202085580726, 0.6647513018495241]], "5.01": [[0.0, 0.8850781109714491], [0.9998202085580726, 0.7789549290716467]], "5.02": [[0.0, 0.8971089962291255], [0.9998202085580726, 0.7911653797809302]], "5.03": [[0.0, 0.9091398814868019], [0.9998202085580726, 0.8030166995869995]], "5.04": [[0.0, 0.9211707667444784], [0.9998202085580726, 0.8150475848446759]], "5.05": [[0.0, 0.9333812174537619], [0.9998202085580726, 0.8272580355539594]], "5.06": [[0.0, 0.9454121027114383], [0.9998202085580726, 0.8392889208116359]], "5.07": [[0.0, 0.9574429879691148], [0.9998202085580726, 0.8513198060693122]]}}