{"absolute_coordinates": {"1.01": [[0, 1430], [5561, 253]], "1.02": [[0, 1610], [5561, 432]], "1.03": [[0, 1789], [5561, 611]], "2.01": [[0, 3146], [5561, 1968]], "2.02": [[0, 3325], [5561, 2148]], "2.03": [[0, 3505], [5561, 2327]], "3.01": [[0, 4862], [5561, 3684]], "3.02": [[0, 5041], [5561, 3863]], "3.03": [[0, 5221], [5561, 4043]]}, "relative_coordinates": {"1.01": [[0.0, 0.2567785957981684], [0.9998202085580726, 0.04543005925659903]], "1.02": [[0.0, 0.2891003770874484], [0.9998202085580726, 0.07757227509427186]], "1.03": [[0.0, 0.3212425929251212], [0.9998202085580726, 0.1097144909319447]], "2.01": [[0.0, 0.5649129107559705], [0.9998202085580726, 0.35338480876279404]], "2.02": [[0.0, 0.5970551265936433], [0.9998202085580726, 0.38570659005207397]], "2.03": [[0.0, 0.6293769078829233], [0.9998202085580726, 0.4178488058897468]], "3.01": [[0.0, 0.8730472257137727], [0.9998202085580726, 0.6615191237205962]], "3.02": [[0.0, 0.9051894415514455], [0.9998202085580726, 0.693661339558269]], "3.03": [[0.0, 0.9375112228407254], [0.9998202085580726, 0.7259831208475489]]}}