{"absolute_coordinates": {"1.00": [[0, 432], [5560, 432]], "2.00": [[0, 488], [5560, 488]], "3.00": [[0, 544], [5560, 544]], "4.00": [[0, 600], [5560, 600]], "5.00": [[0, 656], [5560, 656]], "6.00": [[0, 712], [5560, 712]], "7.00": [[0, 768], [5560, 768]], "8.00": [[0, 824], [5560, 824]], "9.00": [[0, 880], [5560, 880]], "10.00": [[0, 936], [5560, 936]], "11.00": [[0, 992], [5560, 992]], "12.00": [[0, 1048], [5560, 1048]], "13.00": [[0, 1104], [5560, 1104]], "14.00": [[0, 1160], [5560, 1160]], "15.00": [[0, 1216], [5560, 1216]], "16.00": [[0, 1272], [5560, 1272]]}, "relative_coordinates": {"1.00": [[0.0, 0.07758620689655173], [0.9998201762272972, 0.07758620689655173]], "2.00": [[0.0, 0.08764367816091954], [0.9998201762272972, 0.08764367816091954]], "3.00": [[0.0, 0.09770114942528736], [0.9998201762272972, 0.09770114942528736]], "4.00": [[0.0, 0.10775862068965517], [0.9998201762272972, 0.10775862068965517]], "5.00": [[0.0, 0.11781609195402298], [0.9998201762272972, 0.11781609195402298]], "6.00": [[0.0, 0.1278735632183908], [0.9998201762272972, 0.1278735632183908]], "7.00": [[0.0, 0.13793103448275862], [0.9998201762272972, 0.13793103448275862]], "8.00": [[0.0, 0.14798850574712644], [0.9998201762272972, 0.14798850574712644]], "9.00": [[0.0, 0.15804597701149425], [0.9998201762272972, 0.15804597701149425]], "10.00": [[0.0, 0.16810344827586207], [0.9998201762272972, 0.16810344827586207]], "11.00": [[0.0, 0.1781609195402299], [0.9998201762272972, 0.1781609195402299]], "12.00": [[0.0, 0.1882183908045977], [0.9998201762272972, 0.1882183908045977]], "13.00": [[0.0, 0.19827586206896552], [0.9998201762272972, 0.19827586206896552]], "14.00": [[0.0, 0.20833333333333334], [0.9998201762272972, 0.20833333333333334]], "15.00": [[0.0, 0.21839080459770116], [0.9998201762272972, 0.21839080459770116]], "16.00": [[0.0, 0.22844827586206898], [0.9998201762272972, 0.22844827586206898]]}}