{"absolute_coordinates": {"1.01": [[0, 702], [5561, 185]], "1.02": [[0, 770], [5561, 252]], "1.03": [[0, 837], [5561, 319]], "1.04": [[0, 904], [5561, 386]], "1.05": [[0, 971], [5561, 453]], "1.06": [[0, 1038], [5561, 520]], "1.07": [[0, 1106], [5561, 587]], "1.08": [[0, 1173], [5561, 654]], "2.01": [[0, 1736], [5561, 1218]], "2.02": [[0, 1803], [5561, 1285]], "2.03": [[0, 1870], [5561, 1352]], "2.04": [[0, 1938], [5561, 1419]], "2.05": [[0, 2005], [5561, 1486]], "2.06": [[0, 2072], [5561, 1553]], "2.07": [[0, 2139], [5561, 1620]], "2.08": [[0, 2206], [5561, 1688]], "3.01": [[0, 2770], [5561, 2251]], "3.02": [[0, 2837], [5561, 2318]], "3.03": [[0, 2904], [5561, 2386]], "3.04": [[0, 2971], [5561, 2453]], "3.05": [[0, 3039], [5561, 2520]], "3.06": [[0, 3106], [5561, 2587]], "3.07": [[0, 3173], [5561, 2654]], "3.08": [[0, 3240], [5561, 2721]], "4.01": [[0, 3804], [5561, 3285]], "4.02": [[0, 3871], [5561, 3352]], "4.03": [[0, 3939], [5561, 3419]], "4.04": [[0, 4006], [5561, 3487]], "4.05": [[0, 4073], [5561, 3554]], "4.06": [[0, 4140], [5561, 3621]], "4.07": [[0, 4208], [5561, 3688]], "4.08": [[0, 4275], [5561, 3755]], "5.01": [[0, 4839], [5561, 4320]], "5.02": [[0, 4906], [5561, 4387]], "5.03": [[0, 4973], [5561, 4454]], "5.04": [[0, 5041], [5561, 4521]], "5.05": [[0, 5108], [5561, 4588]], "5.06": [[0, 5175], [5561, 4655]], "5.07": [[0, 5175], [5561, 4722]], "5.08": [[0, 5310], [5561, 4789]]}, "relative_coordinates": {"1.01": [[0.0, 0.12607758620689655], [0.9998202085580726, 0.03322557471264368]], "1.02": [[0.0, 0.13829022988505746], [0.9998202085580726, 0.04525862068965517]], "1.03": [[0.0, 0.15032327586206898], [0.9998202085580726, 0.057291666666666664]], "1.04": [[0.0, 0.16235632183908047], [0.9998202085580726, 0.06932471264367816]], "1.05": [[0.0, 0.17438936781609196], [0.9998202085580726, 0.08135775862068965]], "1.06": [[0.0, 0.18642241379310345], [0.9998202085580726, 0.09339080459770115]], "1.07": [[0.0, 0.19863505747126436], [0.9998202085580726, 0.10542385057471264]], "1.08": [[0.0, 0.21066810344827586], [0.9998202085580726, 0.11745689655172414]], "2.01": [[0.0, 0.3117816091954023], [0.9998202085580726, 0.21875]], "2.02": [[0.0, 0.3238146551724138], [0.9998202085580726, 0.2307830459770115]], "2.03": [[0.0, 0.3358477011494253], [0.9998202085580726, 0.24281609195402298]], "2.04": [[0.0, 0.3480603448275862], [0.9998202085580726, 0.2548491379310345]], "2.05": [[0.0, 0.3600933908045977], [0.9998202085580726, 0.26688218390804597]], "2.06": [[0.0, 0.37212643678160917], [0.9998202085580726, 0.27891522988505746]], "2.07": [[0.0, 0.38415948275862066], [0.9998202085580726, 0.29094827586206895]], "2.08": [[0.0, 0.3961925287356322], [0.9998202085580726, 0.3031609195402299]], "3.01": [[0.0, 0.49748563218390807], [0.9998202085580726, 0.4042744252873563]], "3.02": [[0.0, 0.5095186781609196], [0.9998202085580726, 0.4163074712643678]], "3.03": [[0.0, 0.521551724137931], [0.9998202085580726, 0.42852011494252873]], "3.04": [[0.0, 0.5335847701149425], [0.9998202085580726, 0.4405531609195402]], "3.05": [[0.0, 0.5457974137931034], [0.9998202085580726, 0.4525862068965517]], "3.06": [[0.0, 0.5578304597701149], [0.9998202085580726, 0.4646192528735632]], "3.07": [[0.0, 0.5698635057471264], [0.9998202085580726, 0.4766522988505747]], "3.08": [[0.0, 0.5818965517241379], [0.9998202085580726, 0.4886853448275862]], "4.01": [[0.0, 0.6831896551724138], [0.9998202085580726, 0.5899784482758621]], "4.02": [[0.0, 0.6952227011494253], [0.9998202085580726, 0.6020114942528736]], "4.03": [[0.0, 0.7074353448275862], [0.9998202085580726, 0.6140445402298851]], "4.04": [[0.0, 0.7194683908045977], [0.9998202085580726, 0.626257183908046]], "4.05": [[0.0, 0.7315014367816092], [0.9998202085580726, 0.6382902298850575]], "4.06": [[0.0, 0.7435344827586207], [0.9998202085580726, 0.650323275862069]], "4.07": [[0.0, 0.7557471264367817], [0.9998202085580726, 0.6623563218390804]], "4.08": [[0.0, 0.7677801724137931], [0.9998202085580726, 0.6743893678160919]], "5.01": [[0.0, 0.869073275862069], [0.9998202085580726, 0.7758620689655172]], "5.02": [[0.0, 0.8811063218390804], [0.9998202085580726, 0.7878951149425287]], "5.03": [[0.0, 0.8931393678160919], [0.9998202085580726, 0.7999281609195402]], "5.04": [[0.0, 0.9053520114942529], [0.9998202085580726, 0.8119612068965517]], "5.05": [[0.0, 0.9173850574712644], [0.9998202085580726, 0.8239942528735632]], "5.06": [[0.0, 0.9294181034482759], [0.9998202085580726, 0.8360272988505747]], "5.07": [[0.0, 0.9294181034482759], [0.9998202085580726, 0.8480603448275862]], "5.08": [[0.0, 0.9536637931034483], [0.9998202085580726, 0.8600933908045977]]}}